train,validation
12.678224692287156,28.056539798664595
12.677141822616173,28.056238323659137
